<?xml version="1.0" encoding="UTF-8"?><rss version="2.0"
	xmlns:content="http://purl.org/rss/1.0/modules/content/"
	xmlns:wfw="http://wellformedweb.org/CommentAPI/"
	xmlns:dc="http://purl.org/dc/elements/1.1/"
	xmlns:atom="http://www.w3.org/2005/Atom"
	xmlns:sy="http://purl.org/rss/1.0/modules/syndication/"
	xmlns:slash="http://purl.org/rss/1.0/modules/slash/"
	>

<channel>
	<title>Tsomoriri Wisdom Guest House</title>
	<atom:link href="./index.html" rel="self" type="application/rss+xml" />
	<link>./../index.html</link>
	<description>A visit to this beautiful lake is a once-in-a-lifetime experience</description>
	<lastBuildDate>Wed, 09 Feb 2022 16:09:32 +0000</lastBuildDate>
	<language>en-US</language>
	<sy:updatePeriod>
	hourly	</sy:updatePeriod>
	<sy:updateFrequency>
	1	</sy:updateFrequency>
	<generator>https://wordpress.org/?v=6.4.2</generator>

<image>
	<url>./../wp-content/uploads/2022/02/cropped-dfasfdsfdsf-1-32x32.png</url>
	<title>Tsomoriri Wisdom Guest House</title>
	<link>./../index.html</link>
	<width>32</width>
	<height>32</height>
</image> 
</channel>
</rss>
